Workbook

Sheet Лист1
A1: Дата | B1: Территория | C1: Товарооборот, шт | D1: Товарооборот, руб | E1: Количество складов | F1: Количество заказов | G1: Количество клиентов | H1: Товарооборот на склад | I1: Неделя | K1: топ-3 территорий по доле в общем товарообороте
A2: 43982 | B2: Самара | C2: 7944 | D2: 623971.5 | E2: {=INDEX('Лист2'!C:C, MATCH($A2&"|"&$B2, 'Лист2'!$A:$A&"|"&'Лист2'!$B:$B, 0))} -> 15 | F2: {=INDEX('Лист2'!D:D, MATCH($A2&"|"&$B2, 'Лист2'!$A:$A&"|"&'Лист2'!$B:$B, 0))} -> 441 | G2: {=INDEX('Лист2'!E:E, MATCH($A2&"|"&$B2, 'Лист2'!$A:$A&"|"&'Лист2'!$B:$B, 0))} -> 368 | H2: =D2/E2 -> 41598.1 | I2: =A2-WEEKDAY(A2,3) -> 43976 | K2: =IFERROR(__xludf.DUMMYFUNCTION("QUERY(A2:I500,""select B, sum(D) group by B order by sum(D) desc limit 3"",0)"),"") | L2: =IFERROR(__xludf.DUMMYFUNCTION("""COMPUTED_VALUE"""),"sum ") -> sum
A3: 43981 | B3: Самара | C3: 10029 | D3: 787101 | E3: {=INDEX('Лист2'!C:C, MATCH($A3&"|"&$B3, 'Лист2'!$A:$A&"|"&'Лист2'!$B:$B, 0))} -> 15 | F3: {=INDEX('Лист2'!D:D, MATCH($A3&"|"&$B3, 'Лист2'!$A:$A&"|"&'Лист2'!$B:$B, 0))} -> 490 | G3: {=INDEX('Лист2'!E:E, MATCH($A3&"|"&$B3, 'Лист2'!$A:$A&"|"&'Лист2'!$B:$B, 0))} -> 409 | H3: =D3/E3 -> 52473.4 | I3: =A3-WEEKDAY(A3,3) -> 43976 | K3: =IFERROR(__xludf.DUMMYFUNCTION("""COMPUTED_VALUE"""),"Санкт-Петербург Север") -> Санкт-Петербург Север | L3: =IFERROR(__xludf.DUMMYFUNCTION("""COMPUTED_VALUE"""),1.38072390075135E9) -> 1380723901
A4: 43979 | B4: Самара | C4: 8536.5 | D4: 643944 | E4: {=INDEX('Лист2'!C:C, MATCH($A4&"|"&$B4, 'Лист2'!$A:$A&"|"&'Лист2'!$B:$B, 0))} -> 15 | F4: {=INDEX('Лист2'!D:D, MATCH($A4&"|"&$B4, 'Лист2'!$A:$A&"|"&'Лист2'!$B:$B, 0))} -> 464 | G4: {=INDEX('Лист2'!E:E, MATCH($A4&"|"&$B4, 'Лист2'!$A:$A&"|"&'Лист2'!$B:$B, 0))} -> 390 | H4: =D4/E4 -> 42929.6 | I4: =A4-WEEKDAY(A4,3) -> 43976 | K4: =IFERROR(__xludf.DUMMYFUNCTION("""COMPUTED_VALUE"""),"Санкт-Петербург Юг") -> Санкт-Петербург Юг | L4: =IFERROR(__xludf.DUMMYFUNCTION("""COMPUTED_VALUE"""),1.03561238181105E9) -> 1035612382
A5: 43967 | B5: Кемерово | C5: 38947.5 | D5: 3395892 | E5: {=INDEX('Лист2'!C:C, MATCH($A5&"|"&$B5, 'Лист2'!$A:$A&"|"&'Лист2'!$B:$B, 0))} -> 21 | F5: {=INDEX('Лист2'!D:D, MATCH($A5&"|"&$B5, 'Лист2'!$A:$A&"|"&'Лист2'!$B:$B, 0))} -> 2145 | G5: {=INDEX('Лист2'!E:E, MATCH($A5&"|"&$B5, 'Лист2'!$A:$A&"|"&'Лист2'!$B:$B, 0))} -> 1947 | H5: =D5/E5 -> 161709.14 | I5: =A5-WEEKDAY(A5,3) -> 43962 | K5: =IFERROR(__xludf.DUMMYFUNCTION("""COMPUTED_VALUE"""),"Москва Запад") -> Москва Запад | L5: =IFERROR(__xludf.DUMMYFUNCTION("""COMPUTED_VALUE"""),7.741469535E8) -> 7.7414695e+08
A6: 43970 | B6: Кемерово | C6: 31842 | D6: 2771116.5 | E6: {=INDEX('Лист2'!C:C, MATCH($A6&"|"&$B6, 'Лист2'!$A:$A&"|"&'Лист2'!$B:$B, 0))} -> 21 | F6: {=INDEX('Лист2'!D:D, MATCH($A6&"|"&$B6, 'Лист2'!$A:$A&"|"&'Лист2'!$B:$B, 0))} -> 1860 | G6: {=INDEX('Лист2'!E:E, MATCH($A6&"|"&$B6, 'Лист2'!$A:$A&"|"&'Лист2'!$B:$B, 0))} -> 1704 | H6: =D6/E6 -> 131957.93 | I6: =A6-WEEKDAY(A6,3) -> 43969
A7: 43968 | B7: Кемерово | C7: 32023.5 | D7: 2882458.5 | E7: {=INDEX('Лист2'!C:C, MATCH($A7&"|"&$B7, 'Лист2'!$A:$A&"|"&'Лист2'!$B:$B, 0))} -> 21 | F7: {=INDEX('Лист2'!D:D, MATCH($A7&"|"&$B7, 'Лист2'!$A:$A&"|"&'Лист2'!$B:$B, 0))} -> 1874 | G7: {=INDEX('Лист2'!E:E, MATCH($A7&"|"&$B7, 'Лист2'!$A:$A&"|"&'Лист2'!$B:$B, 0))} -> 1705 | H7: =D7/E7 -> 137259.93 | I7: =A7-WEEKDAY(A7,3) -> 43962 | K7: топ-3 территорий по товарообороту на склад за последнюю неделю
A8: 43960 | B8: Кемерово | C8: 31147.5 | D8: 2831019 | E8: {=INDEX('Лист2'!C:C, MATCH($A8&"|"&$B8, 'Лист2'!$A:$A&"|"&'Лист2'!$B:$B, 0))} -> 21 | F8: {=INDEX('Лист2'!D:D, MATCH($A8&"|"&$B8, 'Лист2'!$A:$A&"|"&'Лист2'!$B:$B, 0))} -> 1735 | G8: {=INDEX('Лист2'!E:E, MATCH($A8&"|"&$B8, 'Лист2'!$A:$A&"|"&'Лист2'!$B:$B, 0))} -> 1568 | H8: =D8/E8 -> 134810.43 | I8: =A8-WEEKDAY(A8,3) -> 43955 | K8: =IFERROR(__xludf.DUMMYFUNCTION("QUERY(A2:I500,""select B, sum(D)/sum(E) where I = date '2020-05-25' group by B order by sum(D)/sum(E) desc limit 3"",0)"),"") | L8: =IFERROR(__xludf.DUMMYFUNCTION("""COMPUTED_VALUE""")," quotient(sum sum )") -> quotient(sum sum )
A9: 43955 | B9: Кемерово | C9: 25566 | D9: 2372310 | E9: {=INDEX('Лист2'!C:C, MATCH($A9&"|"&$B9, 'Лист2'!$A:$A&"|"&'Лист2'!$B:$B, 0))} -> 20 | F9: {=INDEX('Лист2'!D:D, MATCH($A9&"|"&$B9, 'Лист2'!$A:$A&"|"&'Лист2'!$B:$B, 0))} -> 1519 | G9: {=INDEX('Лист2'!E:E, MATCH($A9&"|"&$B9, 'Лист2'!$A:$A&"|"&'Лист2'!$B:$B, 0))} -> 1372 | H9: =D9/E9 -> 118615.5 | I9: =A9-WEEKDAY(A9,3) -> 43955 | K9: =IFERROR(__xludf.DUMMYFUNCTION("""COMPUTED_VALUE"""),"Москва Восток") -> Москва Восток | L9: =IFERROR(__xludf.DUMMYFUNCTION("""COMPUTED_VALUE"""),400664.05555555556) -> 400664.06
A10: 43950 | B10: Кемерово | C10: 29319 | D10: 2623480.5 | E10: {=INDEX('Лист2'!C:C, MATCH($A10&"|"&$B10, 'Лист2'!$A:$A&"|"&'Лист2'!$B:$B, 0))} -> 18 | F10: {=INDEX('Лист2'!D:D, MATCH($A10&"|"&$B10, 'Лист2'!$A:$A&"|"&'Лист2'!$B:$B, 0))} -> 1684 | G10: {=INDEX('Лист2'!E:E, MATCH($A10&"|"&$B10, 'Лист2'!$A:$A&"|"&'Лист2'!$B:$B, 0))} -> 1528 | H10: =D10/E10 -> 145748.92 | I10: =A10-WEEKDAY(A10,3) -> 43948 | K10: =IFERROR(__xludf.DUMMYFUNCTION("""COMPUTED_VALUE"""),"Москва Запад") -> Москва Запад | L10: =IFERROR(__xludf.DUMMYFUNCTION("""COMPUTED_VALUE"""),381297.6195652174) -> 381297.62
A11: 43953 | B11: Кемерово | C11: 29031 | D11: 2711247 | E11: {=INDEX('Лист2'!C:C, MATCH($A11&"|"&$B11, 'Лист2'!$A:$A&"|"&'Лист2'!$B:$B, 0))} -> 18 | F11: {=INDEX('Лист2'!D:D, MATCH($A11&"|"&$B11, 'Лист2'!$A:$A&"|"&'Лист2'!$B:$B, 0))} -> 1708 | G11: {=INDEX('Лист2'!E:E, MATCH($A11&"|"&$B11, 'Лист2'!$A:$A&"|"&'Лист2'!$B:$B, 0))} -> 1534 | H11: =D11/E11 -> 150624.83 | I11: =A11-WEEKDAY(A11,3) -> 43948 | K11: =IFERROR(__xludf.DUMMYFUNCTION("""COMPUTED_VALUE"""),"Санкт-Петербург Север") -> Санкт-Петербург Север | L11: =IFERROR(__xludf.DUMMYFUNCTION("""COMPUTED_VALUE"""),336584.1584101383) -> 336584.16
A12: 43977 | B12: Кемерово | C12: 33423 | D12: 2970330 | E12: {=INDEX('Лист2'!C:C, MATCH($A12&"|"&$B12, 'Лист2'!$A:$A&"|"&'Лист2'!$B:$B, 0))} -> 20 | F12: {=INDEX('Лист2'!D:D, MATCH($A12&"|"&$B12, 'Лист2'!$A:$A&"|"&'Лист2'!$B:$B, 0))} -> 2044 | G12: {=INDEX('Лист2'!E:E, MATCH($A12&"|"&$B12, 'Лист2'!$A:$A&"|"&'Лист2'!$B:$B, 0))} -> 1863 | H12: =D12/E12 -> 148516.5 | I12: =A12-WEEKDAY(A12,3) -> 43976
A13: 43952 | B13: Кемерово | C13: 32487 | D13: 3031254 | E13: {=INDEX('Лист2'!C:C, MATCH($A13&"|"&$B13, 'Лист2'!$A:$A&"|"&'Лист2'!$B:$B, 0))} -> 18 | F13: {=INDEX('Лист2'!D:D, MATCH($A13&"|"&$B13, 'Лист2'!$A:$A&"|"&'Лист2'!$B:$B, 0))} -> 1826 | G13: {=INDEX('Лист2'!E:E, MATCH($A13&"|"&$B13, 'Лист2'!$A:$A&"|"&'Лист2'!$B:$B, 0))} -> 1633 | H13: =D13/E13 -> 168403 | I13: =A13-WEEKDAY(A13,3) -> 43948
A14: 43963 | B14: Кемерово | C14: 28219.5 | D14: 2595778.5 | E14: {=INDEX('Лист2'!C:C, MATCH($A14&"|"&$B14, 'Лист2'!$A:$A&"|"&'Лист2'!$B:$B, 0))} -> 21 | F14: {=INDEX('Лист2'!D:D, MATCH($A14&"|"&$B14, 'Лист2'!$A:$A&"|"&'Лист2'!$B:$B, 0))} -> 1656 | G14: {=INDEX('Лист2'!E:E, MATCH($A14&"|"&$B14, 'Лист2'!$A:$A&"|"&'Лист2'!$B:$B, 0))} -> 1516 | H14: =D14/E14 -> 123608.5 | I14: =A14-WEEKDAY(A14,3) -> 43962
A15: 43972 | B15: Кемерово | C15: 31272 | D15: 2744382 | E15: {=INDEX('Лист2'!C:C, MATCH($A15&"|"&$B15, 'Лист2'!$A:$A&"|"&'Лист2'!$B:$B, 0))} -> 21 | F15: {=INDEX('Лист2'!D:D, MATCH($A15&"|"&$B15, 'Лист2'!$A:$A&"|"&'Лист2'!$B:$B, 0))} -> 1787 | G15: {=INDEX('Лист2'!E:E, MATCH($A15&"|"&$B15, 'Лист2'!$A:$A&"|"&'Лист2'!$B:$B, 0))} -> 1626 | H15: =D15/E15 -> 130684.86 | I15: =A15-WEEKDAY(A15,3) -> 43969
A16: 43971 | B16: Кемерово | C16: 34077 | D16: 2929330.5 | E16: {=INDEX('Лист2'!C:C, MATCH($A16&"|"&$B16, 'Лист2'!$A:$A&"|"&'Лист2'!$B:$B, 0))} -> 21 | F16: {=INDEX('Лист2'!D:D, MATCH($A16&"|"&$B16, 'Лист2'!$A:$A&"|"&'Лист2'!$B:$B, 0))} -> 1921 | G16: {=INDEX('Лист2'!E:E, MATCH($A16&"|"&$B16, 'Лист2'!$A:$A&"|"&'Лист2'!$B:$B, 0))} -> 1767 | H16: =D16/E16 -> 139491.93 | I16: =A16-WEEKDAY(A16,3) -> 43969
A17: 43956 | B17: Кемерово | C17: 31566 | D17: 2906763 | E17: {=INDEX('Лист2'!C:C, MATCH($A17&"|"&$B17, 'Лист2'!$A:$A&"|"&'Лист2'!$B:$B, 0))} -> 20 | F17: {=INDEX('Лист2'!D:D, MATCH($A17&"|"&$B17, 'Лист2'!$A:$A&"|"&'Лист2'!$B:$B, 0))} -> 1773 | G17: {=INDEX('Лист2'!E:E, MATCH($A17&"|"&$B17, 'Лист2'!$A:$A&"|"&'Лист2'!$B:$B, 0))} -> 1604 | H17: =D17/E17 -> 145338.15 | I17: =A17-WEEKDAY(A17,3) -> 43955
A18: 43949 | B18: Кемерово | C18: 26940 | D18: 2411587.5 | E18: {=INDEX('Лист2'!C:C, MATCH($A18&"|"&$B18, 'Лист2'!$A:$A&"|"&'Лист2'!$B:$B, 0))} -> 18 | F18: {=INDEX('Лист2'!D:D, MATCH($A18&"|"&$B18, 'Лист2'!$A:$A&"|"&'Лист2'!$B:$B, 0))} -> 1539 | G18: {=INDEX('Лист2'!E:E, MATCH($A18&"|"&$B18, 'Лист2'!$A:$A&"|"&'Лист2'!$B:$B, 0))} -> 1404 | H18: =D18/E18 -> 133977.08 | I18: =A18-WEEKDAY(A18,3) -> 43948
A19: 43964 | B19: Кемерово | C19: 29241 | D19: 2629782 | E19: {=INDEX('Лист2'!C:C, MATCH($A19&"|"&$B19, 'Лист2'!$A:$A&"|"&'Лист2'!$B:$B, 0))} -> 21 | F19: {=INDEX('Лист2'!D:D, MATCH($A19&"|"&$B19, 'Лист2'!$A:$A&"|"&'Лист2'!$B:$B, 0))} -> 1698 | G19: {=INDEX('Лист2'!E:E, MATCH($A19&"|"&$B19, 'Лист2'!$A:$A&"|"&'Лист2'!$B:$B, 0))} -> 1554 | H19: =D19/E19 -> 125227.71 | I19: =A19-WEEKDAY(A19,3) -> 43962
A20: 43954 | B20: Кемерово | C20: 26082 | D20: 2434914 | E20: {=INDEX('Лист2'!C:C, MATCH($A20&"|"&$B20, 'Лист2'!$A:$A&"|"&'Лист2'!$B:$B, 0))} -> 20 | F20: {=INDEX('Лист2'!D:D, MATCH($A20&"|"&$B20, 'Лист2'!$A:$A&"|"&'Лист2'!$B:$B, 0))} -> 1520 | G20: {=INDEX('Лист2'!E:E, MATCH($A20&"|"&$B20, 'Лист2'!$A:$A&"|"&'Лист2'!$B:$B, 0))} -> 1373 | H20: =D20/E20 -> 121745.7 | I20: =A20-WEEKDAY(A20,3) -> 43948
A21: 43957 | B21: Кемерово | C21: 32511 | D21: 2938623 | E21: {=INDEX('Лист2'!C:C, MATCH($A21&"|"&$B21, 'Лист2'!$A:$A&"|"&'Лист2'!$B:$B, 0))} -> 20 | F21: {=INDEX('Лист2'!D:D, MATCH($A21&"|"&$B21, 'Лист2'!$A:$A&"|"&'Лист2'!$B:$B, 0))} -> 1784 | G21: {=INDEX('Лист2'!E:E, MATCH($A21&"|"&$B21, 'Лист2'!$A:$A&"|"&'Лист2'!$B:$B, 0))} -> 1632 | H21: =D21/E21 -> 146931.15 | I21: =A21-WEEKDAY(A21,3) -> 43955
A22: 43974 | B22: Кемерово | C22: 42703.5 | D22: 3628726.5 | E22: {=INDEX('Лист2'!C:C, MATCH($A22&"|"&$B22, 'Лист2'!$A:$A&"|"&'Лист2'!$B:$B, 0))} -> 21 | F22: {=INDEX('Лист2'!D:D, MATCH($A22&"|"&$B22, 'Лист2'!$A:$A&"|"&'Лист2'!$B:$B, 0))} -> 2340 | G22: {=INDEX('Лист2'!E:E, MATCH($A22&"|"&$B22, 'Лист2'!$A:$A&"|"&'Лист2'!$B:$B, 0))} -> 2146 | H22: =D22/E22 -> 172796.5 | I22: =A22-WEEKDAY(A22,3) -> 43969
A23: 43976 | B23: Кемерово | C23: 35592 | D23: 3176580 | E23: {=INDEX('Лист2'!C:C, MATCH($A23&"|"&$B23, 'Лист2'!$A:$A&"|"&'Лист2'!$B:$B, 0))} -> 20 | F23: {=INDEX('Лист2'!D:D, MATCH($A23&"|"&$B23, 'Лист2'!$A:$A&"|"&'Лист2'!$B:$B, 0))} -> 2087 | G23: {=INDEX('Лист2'!E:E, MATCH($A23&"|"&$B23, 'Лист2'!$A:$A&"|"&'Лист2'!$B:$B, 0))} -> 1914 | H23: =D23/E23 -> 158829 | I23: =A23-WEEKDAY(A23,3) -> 43976
... A505: 43983 | B505: Новосибирск | C505: 14238 | D505: 1293219 | E505: {=INDEX('Лист2'!C:C, MATCH($A505&"|"&$B505, 'Лист2'!$A:$A&"|"&'Лист2'!$B:$B, 0))} -> 18 | F505: {=INDEX('Лист2'!D:D, MATCH($A505&"|"&$B505, 'Лист2'!$A:$A&"|"&'Лист2'!$B:$B, 0))} -> 923 | G505: {=INDEX('Лист2'!E:E, MATCH($A505&"|"&$B505, 'Лист2'!$A:$A&"|"&'Лист2'!$B:$B, 0))} -> 824 | H505: =D505/E505 -> 71845.5 | I505: =A505-WEEKDAY(A505,3) -> 43983

Sheet Pivot Table 2
D1: Товарооборот на склад
D2: =B2/C3 -> 210410.62
D3: =B3/C4 -> 246348.38
D4: =B4/C5 -> 235637.56
D5: =B5/C6 -> 241554.3
D6: =B6/C7 -> 1716509.8
D7: =B7/C8 -> 6764.0782

Sheet Pivot Table 1

Sheet Лист2
A1: Дата | B1: Территория | C1: Количество складов | D1: Количество заказов | E1: Количество клиентов
A2: 43949 | B2: Волгоград | C2: 36 | D2: 4923 | E2: 4560
A3: 43949 | B3: Екатеринбург | C3: 31 | D3: 5465 | E3: 5096
A4: 43949 | B4: Казань | C4: 19 | D4: 1846 | E4: 1681
A5: 43949 | B5: Кемерово | C5: 18 | D5: 1539 | E5: 1404
A6: 43949 | B6: Краснодар | C6: 18 | D6: 1505 | E6: 1368
A7: 43949 | B7: Москва Восток | C7: 54 | D7: 12306 | E7: 11532
A8: 43949 | B8: Москва Запад | C8: 59 | D8: 12943 | E8: 12072
A9: 43949 | B9: Нижний Новгород | C9: 17 | D9: 1439 | E9: 1265
A10: 43949 | B10: Новосибирск | C10: 15 | D10: 636 | E10: 547
A11: 43949 | B11: Пермь | C11: 15 | D11: 780 | E11: 690
A12: 43949 | B12: Санкт-Петербург Север | C12: 125 | D12: 20914 | E12: 19479
A13: 43949 | B13: Санкт-Петербург Юг | C13: 128 | D13: 16450 | E13: 15320
... A505: 43983 | B505: Уфа | C505: 6 | D505: 237 | E505: 175
